reportID,reportBy,reportTo,comment,createdAT
1,939,204,"ligula pellentesque ultrices phasellus id sapien in","2020-05-21 02:01:36"
2,920,509,"id lobortis convallis tortor risus","2020-06-01 13:42:20"
3,491,343,"aliquet massa id lobortis","2020-02-14 13:27:18"
4,174,827,"ipsum dolor sit amet consectetuer adipiscing elit","2020-07-24 02:16:18"
5,749,240,"adipiscing elit proin interdum mauris non","2020-07-10 07:36:04"
6,862,19,"aenean sit amet justo","2020-06-06 19:13:01"
7,940,114,"quisque erat eros viverra eget","2021-07-08 22:50:49"
8,295,71,"lorem ipsum dolor sit amet","2020-09-01 16:37:44"
9,719,757,"blandit nam nulla integer pede","2020-09-20 03:28:37"
10,247,458,"morbi quis tortor id nulla ultrices","2020-01-12 00:04:56"
11,1,274,"vestibulum aliquet ultrices","2021-02-15 07:37:25"
12,859,146,"vestibulum sed magna at nunc commodo","2020-04-30 12:59:34"
13,97,685,"vestibulum sagittis sapien cum","2021-07-31 03:12:14"
14,848,674,"in quam fringilla rhoncus mauris","2020-01-15 05:30:27"
15,12,634,"justo in blandit ultrices enim lorem","2020-11-24 18:58:55"
16,906,338,"amet erat nulla tempus vivamus in felis","2020-04-20 09:02:42"
17,766,67,"mi integer ac neque duis bibendum","2021-08-19 22:41:28"
18,259,555,"convallis tortor risus dapibus","2020-08-27 09:39:12"
19,593,206,"nam ultrices libero non mattis pulvinar","2021-01-24 11:48:27"
20,203,334,"dictumst aliquam augue quam sollicitudin vitae consectetuer","2021-04-17 13:42:31"
21,469,391,"id justo sit amet sapien","2021-06-16 23:44:32"
22,360,704,"feugiat et eros vestibulum ac","2020-04-19 19:59:30"
23,252,701,"eget nunc donec quis orci","2020-01-31 06:49:02"
24,76,950,"pellentesque viverra pede ac diam","2020-03-11 16:48:58"
25,431,309,"nunc donec quis orci eget orci vehicula","2021-01-11 14:52:19"
26,89,824,"adipiscing lorem vitae","2021-04-04 11:57:53"
27,36,902,"risus semper porta volutpat quam","2021-03-18 00:43:46"
28,944,25,"eget orci vehicula condimentum curabitur","2021-01-29 09:26:13"
29,187,65,"nisl aenean lectus pellentesque eget","2021-01-29 07:55:54"
30,802,598,"ultrices posuere cubilia curae duis faucibus accumsan","2021-01-21 12:18:37"
31,935,503,"duis mattis egestas metus aenean fermentum","2021-04-01 12:33:58"
32,268,480,"sem sed sagittis nam congue risus semper","2021-07-04 14:46:43"
33,958,446,"nisl duis bibendum felis","2021-04-12 09:43:58"
34,514,41,"ultrices vel augue vestibulum ante","2021-03-11 01:53:10"
35,362,904,"nulla integer pede justo lacinia eget","2020-11-29 01:59:40"
36,198,303,"iaculis diam erat fermentum justo nec","2020-02-26 09:33:23"
37,850,988,"vehicula consequat morbi a ipsum","2020-06-12 16:41:44"
38,234,957,"morbi sem mauris laoreet ut","2020-08-29 20:16:06"
39,523,980,"lectus in est","2021-01-21 06:10:32"
40,123,596,"vel ipsum praesent blandit lacinia erat vestibulum","2020-10-08 08:43:06"
41,89,19,"nulla ut erat id mauris vulputate elementum","2020-03-09 17:57:35"
42,378,320,"in hac habitasse platea dictumst","2021-04-13 15:43:43"
43,662,508,"sit amet eros suspendisse accumsan tortor","2021-01-03 16:04:25"
44,830,173,"vel augue vestibulum rutrum rutrum neque aenean","2021-03-04 04:06:02"
45,793,615,"donec dapibus duis at","2020-03-09 11:01:00"
46,282,532,"nec sem duis aliquam convallis nunc","2020-05-17 01:45:01"
47,912,316,"eu massa donec dapibus duis at","2021-08-07 17:41:55"
48,829,188,"habitasse platea dictumst maecenas ut massa quis","2020-03-17 17:26:43"
49,110,868,"mi sit amet lobortis","2021-02-24 03:35:27"
50,712,989,"non mi integer","2020-11-25 16:31:13"
51,157,332,"in quis justo maecenas","2020-02-09 23:19:44"
52,404,557,"nec dui luctus rutrum","2021-09-08 19:44:14"
53,347,827,"est lacinia nisi venenatis tristique fusce","2020-09-16 05:58:05"
54,70,93,"vestibulum sagittis sapien cum sociis","2020-10-05 12:24:02"
55,740,665,"in sagittis dui vel nisl","2021-01-25 23:17:09"
56,973,465,"primis in faucibus","2020-09-18 03:08:29"
57,589,864,"vel nisl duis","2020-10-16 12:01:08"
58,282,74,"nec sem duis aliquam convallis nunc proin","2020-07-09 23:42:07"
59,182,71,"lacus at turpis donec posuere","2021-02-14 14:43:36"
60,420,843,"posuere cubilia curae mauris viverra diam vitae","2021-02-04 12:07:59"
61,140,925,"varius integer ac leo pellentesque ultrices mattis","2020-01-11 12:31:06"
62,135,131,"sapien ut nunc vestibulum ante","2020-01-02 04:23:35"
63,183,908,"convallis eget eleifend","2020-06-29 01:21:20"
64,629,807,"volutpat dui maecenas tristique","2020-05-03 06:12:11"
65,758,933,"mattis odio donec vitae","2020-02-04 16:50:56"
66,300,863,"in faucibus orci","2021-04-14 00:58:52"
67,465,785,"justo sollicitudin ut suscipit a feugiat et","2020-03-11 02:25:41"
68,571,441,"quisque erat eros viverra eget","2021-06-30 22:57:34"
69,262,877,"dapibus augue vel accumsan tellus nisi eu","2021-06-06 04:29:06"
70,81,70,"risus dapibus augue vel","2021-07-22 04:02:32"
71,431,185,"non sodales sed tincidunt eu","2021-07-02 11:35:22"
72,310,192,"nibh in lectus pellentesque at nulla","2020-10-22 16:42:59"
73,780,784,"aliquam augue quam sollicitudin vitae consectetuer","2021-07-26 14:36:13"
74,69,204,"lobortis sapien sapien non mi integer","2020-11-11 23:48:36"
75,496,114,"suspendisse potenti in","2020-04-25 08:03:34"
76,170,351,"aliquam convallis nunc proin at","2021-08-24 20:31:13"
77,519,803,"hac habitasse platea dictumst aliquam augue","2021-07-23 18:13:02"
78,129,315,"etiam justo etiam pretium iaculis justo in","2020-05-05 10:55:00"
79,381,4,"convallis tortor risus","2020-06-15 13:35:27"
80,880,399,"erat curabitur gravida nisi at","2020-03-30 19:07:42"
81,368,511,"sapien placerat ante nulla justo","2020-09-28 14:11:47"
82,117,7,"turpis a pede posuere nonummy integer","2020-06-03 14:36:29"
83,814,426,"amet sapien dignissim vestibulum vestibulum ante","2021-08-07 10:07:21"
84,916,485,"accumsan tortor quis","2021-02-26 06:06:20"
85,419,913,"fermentum justo nec","2020-01-10 10:02:53"
86,589,883,"tortor duis mattis egestas metus","2020-12-02 22:04:09"
87,66,635,"justo nec condimentum neque sapien","2020-11-29 02:54:43"
88,295,289,"erat tortor sollicitudin mi sit amet lobortis","2020-03-23 08:22:15"
89,143,368,"sapien arcu sed augue aliquam erat","2021-04-17 03:47:15"
90,785,103,"diam neque vestibulum eget vulputate ut","2021-01-18 11:13:45"
91,607,804,"pulvinar nulla pede ullamcorper","2021-08-07 04:10:11"
92,614,122,"nulla elit ac nulla sed","2020-10-29 04:59:36"
93,196,480,"amet erat nulla tempus vivamus in","2020-04-07 18:24:48"
94,70,146,"donec semper sapien","2020-05-18 19:04:57"
95,912,809,"morbi non lectus aliquam sit amet","2021-05-31 20:12:39"
96,739,712,"sodales scelerisque mauris sit amet eros suspendisse","2020-06-20 02:32:40"
97,115,895,"odio consequat varius","2020-10-15 11:24:31"
98,279,811,"est risus auctor","2021-07-22 15:28:26"
99,46,363,"massa donec dapibus duis at","2021-04-30 06:06:51"
100,262,598,"porttitor id consequat in consequat","2020-05-22 21:38:10"
101,144,1000,"sit amet nulla quisque arcu libero rutrum","2020-10-20 00:11:11"
102,942,1,"diam erat fermentum justo nec","2020-10-14 21:15:07"
103,320,381,"molestie nibh in","2020-04-30 04:04:42"
104,19,83,"suscipit a feugiat","2021-04-21 17:59:59"
105,98,274,"urna ut tellus nulla ut","2020-06-28 18:50:40"
106,982,146,"fringilla rhoncus mauris enim leo rhoncus sed","2020-09-09 23:40:56"
107,41,147,"et commodo vulputate","2021-08-14 16:20:18"
108,147,209,"lectus suspendisse potenti in eleifend quam a","2021-03-27 12:31:13"
109,962,664,"luctus et ultrices posuere cubilia curae duis","2021-03-11 23:25:43"
110,236,484,"a libero nam dui proin","2020-09-16 16:56:10"
111,410,389,"adipiscing elit proin","2021-02-06 13:01:05"
112,629,41,"dui luctus rutrum nulla tellus in","2021-09-03 22:02:33"
113,724,379,"leo pellentesque ultrices mattis odio donec vitae","2021-05-15 15:33:33"
114,172,192,"a ipsum integer a nibh in","2020-03-17 16:31:40"
115,874,149,"volutpat quam pede","2021-08-10 08:14:25"
116,309,70,"lacus morbi sem mauris laoreet ut","2020-05-01 04:16:59"
117,377,284,"odio elementum eu interdum eu","2021-07-28 12:27:09"
118,233,329,"nulla integer pede justo","2020-10-30 00:12:04"
119,693,895,"augue vestibulum rutrum rutrum neque aenean auctor","2021-01-13 07:38:37"
120,284,97,"praesent blandit lacinia erat vestibulum sed","2020-05-27 05:29:52"
121,301,694,"luctus cum sociis natoque penatibus","2020-10-27 18:03:09"
122,797,421,"duis aliquam convallis","2020-04-09 18:57:28"
123,780,519,"dis parturient montes nascetur ridiculus mus","2020-12-17 19:56:47"
124,938,571,"habitasse platea dictumst","2021-03-25 17:46:44"
125,441,846,"leo maecenas pulvinar lobortis est phasellus sit","2021-01-26 19:18:02"
126,370,764,"maecenas rhoncus aliquam lacus","2021-06-22 03:27:13"
127,549,541,"ligula vehicula consequat morbi a ipsum","2021-02-01 22:23:09"
128,156,241,"nam ultrices libero non mattis pulvinar nulla","2021-01-08 11:58:14"
129,994,7,"luctus tincidunt nulla mollis","2020-05-12 08:25:37"
130,397,739,"interdum mauris ullamcorper purus sit amet nulla","2020-09-09 07:44:31"
131,345,455,"elementum in hac habitasse platea","2021-02-07 06:30:34"
132,453,8,"ut nunc vestibulum ante ipsum","2021-06-28 01:39:47"
133,547,555,"lorem ipsum dolor sit amet","2020-06-16 11:34:46"
134,178,631,"curabitur at ipsum ac","2021-04-01 17:24:42"
135,903,955,"condimentum neque sapien placerat ante nulla","2021-04-12 04:22:53"
136,603,480,"cum sociis natoque penatibus","2021-08-18 08:27:13"
137,766,104,"curabitur convallis duis consequat dui nec nisi","2021-03-15 21:57:01"
138,411,181,"vel nisl duis ac","2021-05-20 04:16:18"
139,141,634,"amet cursus id turpis integer","2020-07-24 00:53:00"
140,894,964,"nulla dapibus dolor vel","2020-01-03 05:52:37"
141,974,62,"ut nulla sed accumsan","2021-08-14 03:02:30"
142,61,61,"in leo maecenas pulvinar","2020-04-09 22:29:05"
143,356,950,"odio condimentum id luctus nec","2021-03-28 20:38:14"
144,956,592,"tortor sollicitudin mi sit amet lobortis","2020-10-11 20:49:46"
145,918,91,"ultrices erat tortor sollicitudin mi sit amet","2021-06-01 07:22:26"
146,412,448,"tempus vel pede morbi porttitor lorem id","2021-01-23 18:13:44"
147,303,222,"nibh ligula nec sem","2021-02-01 22:11:22"
148,546,991,"in tempor turpis","2020-01-02 07:25:34"
149,739,868,"mattis nibh ligula nec sem duis","2021-05-14 21:02:57"
150,242,59,"sed justo pellentesque viverra","2020-03-20 16:16:59"
151,960,552,"pede justo eu massa donec","2020-08-10 06:40:50"
152,571,621,"tristique fusce congue diam id","2021-06-29 08:28:39"
153,78,236,"nulla ac enim in tempor turpis nec","2020-03-23 03:38:25"
154,616,531,"curae mauris viverra diam vitae quam suspendisse","2020-10-23 09:44:15"
155,504,993,"tempus vivamus in felis eu sapien","2020-02-17 11:52:51"
156,742,779,"dapibus at diam nam","2020-10-20 19:25:04"
157,548,831,"mauris viverra diam vitae quam","2020-04-22 23:09:57"
158,417,425,"mauris sit amet eros suspendisse accumsan","2021-09-02 08:59:27"
159,232,305,"montes nascetur ridiculus","2020-07-24 00:11:29"
160,783,838,"sit amet diam in magna bibendum","2021-06-21 23:34:20"
161,891,767,"imperdiet nullam orci pede venenatis non sodales","2021-02-01 23:14:54"
162,829,796,"justo etiam pretium iaculis","2020-02-08 05:49:29"
163,895,832,"pharetra magna vestibulum aliquet ultrices erat tortor","2020-04-29 02:06:36"
164,995,279,"ridiculus mus vivamus vestibulum sagittis sapien cum","2021-09-01 01:51:52"
165,70,458,"porttitor id consequat in consequat","2020-08-14 22:26:51"
166,842,818,"tristique est et","2021-06-10 06:12:46"
167,32,859,"integer ac neque duis bibendum","2021-01-19 14:32:18"
168,848,743,"suscipit ligula in lacus","2020-11-06 06:35:45"
169,314,676,"quisque erat eros viverra","2021-04-17 10:58:52"
170,349,965,"lacinia erat vestibulum sed magna at","2021-06-17 08:20:34"
171,397,367,"habitasse platea dictumst maecenas ut","2021-03-06 05:39:26"
172,685,11,"nullam sit amet turpis","2021-02-16 16:44:20"
173,820,90,"felis sed lacus","2020-01-25 16:25:57"
174,241,486,"eleifend donec ut","2020-01-21 04:48:15"
175,863,382,"donec ut dolor","2020-05-01 17:22:25"
176,306,258,"convallis tortor risus dapibus augue vel accumsan","2020-05-30 01:35:39"
177,182,331,"donec semper sapien a","2020-11-11 15:59:03"
178,530,441,"ultrices vel augue vestibulum ante","2021-02-16 12:01:13"
179,124,596,"est donec odio","2021-08-03 10:34:40"
180,322,249,"pharetra magna ac consequat metus","2020-01-15 22:31:20"
181,600,84,"maecenas ut massa quis augue","2020-04-26 20:17:43"
182,117,943,"justo eu massa donec dapibus duis","2020-07-12 02:44:34"
183,673,964,"duis faucibus accumsan","2020-10-22 20:42:31"
184,116,749,"ut blandit non interdum in ante","2021-06-23 15:24:13"
185,830,23,"habitasse platea dictumst maecenas ut massa quis","2021-06-07 22:40:06"
186,489,827,"elit proin risus praesent lectus vestibulum","2020-02-27 13:44:29"
187,224,209,"dui nec nisi","2021-02-17 23:03:18"
188,156,383,"varius nulla facilisi cras non velit nec","2020-12-14 06:41:17"
189,741,950,"magna at nunc commodo placerat praesent blandit","2020-08-16 01:00:10"
190,356,336,"sit amet erat nulla tempus vivamus in","2020-05-06 18:53:31"
191,741,62,"tortor id nulla ultrices aliquet maecenas","2021-08-26 04:38:54"
192,278,987,"id sapien in sapien iaculis congue","2021-05-13 13:42:31"
193,287,528,"diam cras pellentesque volutpat dui","2020-06-18 11:57:39"
194,127,756,"ut volutpat sapien","2020-08-26 05:44:49"
195,90,904,"habitasse platea dictumst aliquam augue","2020-06-07 23:29:48"
196,610,201,"tellus in sagittis dui vel nisl duis","2021-07-29 02:12:53"
197,254,43,"risus semper porta","2020-02-29 03:26:40"
198,646,780,"vestibulum ante ipsum primis","2021-08-04 11:06:49"
199,818,753,"vitae consectetuer eget rutrum at lorem integer","2020-11-13 04:52:54"
200,172,698,"nisl duis ac nibh fusce","2021-05-27 09:14:02"
201,466,553,"lorem quisque ut erat curabitur gravida","2021-07-29 22:35:20"
202,324,105,"lorem ipsum dolor sit amet consectetuer","2021-08-26 01:24:19"
203,304,940,"a nibh in quis","2021-01-05 12:41:56"
204,656,283,"curae duis faucibus accumsan odio","2021-02-13 20:26:48"
205,180,239,"dictumst etiam faucibus cursus","2020-02-03 11:13:26"
206,482,173,"lacus at turpis donec posuere metus vitae","2020-08-21 15:55:23"
207,625,489,"ultrices libero non mattis pulvinar","2021-07-20 10:01:08"
208,308,810,"aliquam quis turpis eget","2020-02-07 21:49:26"
209,904,723,"in est risus auctor sed tristique","2020-08-26 00:36:36"
210,868,428,"varius nulla facilisi cras non velit nec","2020-01-27 22:26:07"
211,679,357,"posuere cubilia curae nulla dapibus dolor","2020-11-14 09:51:42"
212,460,953,"nullam varius nulla facilisi cras","2021-04-17 01:55:23"
213,240,230,"curabitur at ipsum","2020-08-21 01:32:21"
214,431,919,"ultrices enim lorem ipsum dolor sit amet","2021-08-28 08:54:17"
215,726,626,"est et tempus","2021-06-12 18:03:07"
216,95,85,"auctor sed tristique","2020-12-05 13:35:46"
217,692,803,"posuere metus vitae ipsum","2020-05-11 15:51:20"
218,557,305,"fermentum donec ut mauris eget","2020-03-26 21:41:06"
219,33,53,"ante vel ipsum praesent blandit","2020-12-12 13:17:08"
220,967,162,"id ligula suspendisse ornare","2021-05-29 20:57:42"
221,535,297,"sed accumsan felis ut at","2020-05-18 03:48:43"
222,68,60,"et commodo vulputate justo","2020-07-31 14:04:31"
223,268,967,"lectus pellentesque eget nunc donec quis","2020-09-15 01:02:30"
224,810,815,"vel pede morbi porttitor lorem id ligula","2020-11-01 21:44:35"
225,924,197,"urna ut tellus","2020-10-10 18:27:44"
226,569,925,"et magnis dis parturient montes nascetur ridiculus","2020-07-11 14:48:55"
227,827,576,"blandit lacinia erat vestibulum","2020-10-21 05:37:50"
228,475,189,"erat eros viverra eget congue eget","2021-02-05 12:06:29"
229,64,760,"sociis natoque penatibus","2020-10-20 21:02:58"
230,746,239,"quam nec dui luctus rutrum nulla","2020-02-09 13:41:24"
231,790,216,"quam pede lobortis ligula","2020-01-03 09:49:52"
232,186,589,"nibh quisque id justo sit amet","2020-04-25 15:32:52"
233,983,230,"consequat metus sapien ut","2021-09-09 03:15:30"
234,767,223,"nulla ut erat id","2021-01-22 00:40:58"
235,256,688,"amet eleifend pede","2020-02-15 20:27:35"
236,696,901,"hac habitasse platea","2020-06-08 09:23:57"
237,135,165,"id luctus nec molestie sed","2021-05-16 02:48:40"
238,671,604,"vivamus tortor duis mattis egestas","2020-08-20 23:16:25"
239,670,689,"suscipit nulla elit ac","2020-10-06 17:47:45"
240,448,567,"et commodo vulputate","2021-02-16 14:24:41"
241,641,200,"vestibulum ante ipsum primis in","2020-03-08 06:26:49"
242,907,464,"aliquam augue quam sollicitudin vitae","2020-09-23 12:09:01"
243,144,514,"amet lobortis sapien sapien non mi","2020-05-16 03:41:34"
244,235,74,"tristique fusce congue diam id ornare imperdiet","2020-06-28 14:23:36"
245,286,794,"praesent lectus vestibulum quam sapien varius ut","2020-12-13 04:53:58"
246,54,516,"augue luctus tincidunt nulla mollis molestie lorem","2020-06-01 22:07:52"
247,954,694,"ultrices erat tortor sollicitudin mi sit amet","2020-10-01 16:04:42"
248,878,366,"bibendum imperdiet nullam orci","2020-04-23 02:13:14"
249,213,450,"vel ipsum praesent blandit lacinia erat","2020-04-30 13:41:07"
250,574,828,"platea dictumst etiam faucibus","2021-06-18 15:11:19"
251,511,321,"vel dapibus at diam nam tristique","2021-06-17 23:10:57"
252,270,163,"donec dapibus duis at","2021-06-17 22:38:37"
253,338,878,"sit amet consectetuer adipiscing elit proin","2021-02-14 06:17:31"
254,549,536,"eleifend donec ut dolor morbi vel lectus","2020-07-06 05:13:24"
255,522,67,"duis faucibus accumsan odio curabitur convallis duis","2021-03-18 10:39:22"
256,112,983,"maecenas pulvinar lobortis est","2020-08-06 03:47:16"
257,918,844,"ornare consequat lectus in est risus auctor","2021-06-01 16:04:23"
258,476,72,"diam nam tristique tortor eu pede","2021-04-06 13:53:04"
259,209,606,"sapien cursus vestibulum proin eu mi","2020-02-05 10:43:46"
260,676,824,"in ante vestibulum","2020-10-14 12:15:33"
261,650,268,"viverra diam vitae quam suspendisse potenti","2021-08-22 00:53:47"
262,600,186,"vitae nisl aenean lectus","2021-08-27 08:51:19"
263,909,364,"varius integer ac leo pellentesque ultrices","2020-03-31 11:36:21"
264,385,450,"vel enim sit amet nunc viverra","2020-09-27 13:56:10"
265,877,565,"interdum eu tincidunt in leo maecenas pulvinar","2020-12-05 15:02:14"
266,822,652,"non interdum in ante vestibulum","2021-05-21 05:18:30"
267,674,823,"sit amet consectetuer adipiscing elit","2020-11-18 14:00:15"
268,875,10,"sollicitudin mi sit","2020-05-22 19:49:17"
269,305,309,"eu est congue elementum in hac","2020-01-30 13:46:50"
270,993,163,"et commodo vulputate justo in blandit","2021-07-17 05:57:08"
271,784,222,"sociis natoque penatibus et","2021-03-05 19:18:02"
272,352,729,"nunc proin at turpis a pede","2020-06-01 18:54:31"
273,65,545,"nulla pede ullamcorper augue a","2021-08-03 15:14:40"
274,961,988,"sem fusce consequat nulla nisl nunc nisl","2021-05-21 05:43:07"
275,447,982,"etiam pretium iaculis justo in","2020-03-10 22:27:48"
276,240,113,"lacus at velit vivamus vel","2021-07-04 21:26:48"
277,980,338,"vivamus vestibulum sagittis sapien cum","2020-10-04 04:01:49"
278,576,941,"sed sagittis nam congue risus semper porta","2020-06-14 21:27:21"
279,779,708,"vel enim sit","2020-06-04 22:41:03"
280,444,264,"augue vestibulum rutrum rutrum","2020-01-15 04:29:54"
281,982,851,"nec condimentum neque sapien placerat ante nulla","2021-08-01 23:35:12"
282,864,896,"in consequat ut nulla sed accumsan felis","2021-02-25 18:49:20"
283,657,10,"non mattis pulvinar nulla","2020-11-19 21:19:15"
284,90,28,"dapibus augue vel accumsan tellus nisi","2020-09-09 15:59:26"
285,605,244,"eget tempus vel pede morbi","2021-06-25 00:22:42"
286,268,880,"dui proin leo odio porttitor","2021-07-07 06:14:14"
287,476,545,"tellus nulla ut","2020-11-08 10:15:51"
288,959,690,"habitasse platea dictumst etiam faucibus cursus","2020-12-07 14:44:46"
289,594,792,"ultrices posuere cubilia curae","2020-01-11 07:53:33"
290,445,114,"aenean sit amet","2020-03-26 08:22:34"
291,705,225,"non interdum in ante vestibulum","2020-08-13 09:52:59"
292,193,761,"augue vel accumsan tellus nisi eu","2020-05-25 14:09:21"
293,481,783,"libero nam dui proin leo odio porttitor","2021-01-21 07:44:26"
294,291,44,"et tempus semper est quam","2020-06-30 19:33:42"
295,210,740,"curae mauris viverra diam","2021-02-23 20:05:26"
296,240,954,"et ultrices posuere cubilia curae","2021-05-06 04:28:59"
297,50,560,"eu felis fusce posuere felis sed lacus","2021-01-22 11:28:50"
298,976,728,"lectus pellentesque eget","2021-08-14 20:35:55"
299,458,196,"vel nisl duis","2020-06-28 06:35:51"
300,114,275,"etiam vel augue vestibulum","2020-02-28 20:11:58"
301,902,3,"ultrices posuere cubilia curae nulla","2020-02-25 19:30:26"
302,664,828,"duis at velit","2020-01-14 10:01:14"
303,37,394,"odio justo sollicitudin","2021-06-07 05:58:44"
304,179,477,"aliquam quis turpis eget","2020-02-25 08:35:38"
305,191,15,"nibh quisque id justo","2020-09-20 19:16:20"
306,966,149,"in porttitor pede justo","2020-09-13 19:34:08"
307,418,736,"viverra eget congue eget semper","2020-07-29 19:38:50"
308,823,715,"curae mauris viverra","2020-10-24 16:06:11"
309,598,63,"nisl nunc nisl duis bibendum felis sed","2021-03-27 00:57:14"
310,945,736,"condimentum id luctus nec molestie sed justo","2021-01-16 22:32:53"
311,236,441,"interdum venenatis turpis enim blandit mi","2021-03-27 22:43:45"
312,910,570,"tortor risus dapibus augue vel accumsan tellus","2020-04-28 18:00:12"
313,837,567,"vestibulum ante ipsum primis in faucibus orci","2020-10-10 16:28:11"
314,601,68,"tortor duis mattis egestas","2020-10-23 04:23:09"
315,122,547,"posuere cubilia curae","2020-04-02 01:24:37"
316,366,13,"dis parturient montes nascetur ridiculus mus","2021-06-02 22:31:01"
317,298,837,"amet eros suspendisse accumsan tortor quis","2020-08-29 13:03:20"
318,702,545,"orci luctus et ultrices posuere cubilia","2020-12-03 08:23:02"
319,371,937,"aliquam erat volutpat in congue etiam justo","2020-12-22 14:10:23"
320,995,410,"vitae nisi nam","2021-04-10 14:54:43"
321,201,827,"id sapien in sapien iaculis","2021-07-22 11:10:03"
322,164,782,"sapien quis libero nullam","2020-11-01 16:22:50"
323,339,941,"arcu libero rutrum ac","2020-12-03 19:54:02"
324,128,553,"duis bibendum morbi non quam nec","2020-06-03 12:52:12"
325,175,802,"in ante vestibulum ante ipsum","2020-12-22 02:34:49"
326,380,796,"risus semper porta volutpat quam pede","2020-05-28 10:22:03"
327,70,396,"tellus nisi eu orci mauris","2021-08-02 13:11:47"
328,220,721,"aenean auctor gravida","2020-04-17 04:36:58"
329,858,210,"posuere cubilia curae donec pharetra magna vestibulum","2021-03-08 06:21:41"
330,791,300,"aliquet massa id lobortis convallis tortor","2020-11-14 04:39:59"
331,635,685,"fermentum donec ut mauris eget","2020-05-16 21:04:58"
332,207,375,"et ultrices posuere cubilia curae","2020-06-18 19:20:27"
333,691,430,"posuere cubilia curae nulla","2021-01-23 06:36:17"
334,442,28,"ultrices posuere cubilia","2021-05-31 18:48:19"
335,44,848,"molestie lorem quisque","2020-12-08 03:31:23"
336,94,707,"aliquet pulvinar sed","2020-08-11 22:38:24"
337,59,330,"venenatis lacinia aenean sit amet justo morbi","2020-09-22 13:57:17"
338,84,666,"sed lacus morbi","2020-02-13 04:32:04"
339,721,76,"posuere cubilia curae duis faucibus accumsan","2020-04-10 21:28:13"
340,828,272,"ridiculus mus vivamus","2020-07-30 06:26:09"
341,664,466,"eget elit sodales scelerisque mauris sit amet","2021-04-04 01:14:41"
342,279,187,"erat volutpat in congue etiam","2021-09-10 18:20:59"
343,897,231,"nulla nisl nunc nisl duis","2021-02-27 08:31:33"
344,681,126,"tristique in tempus sit amet sem","2021-08-07 16:59:21"
345,76,575,"rhoncus dui vel sem sed sagittis","2020-08-25 03:24:11"
346,2,870,"pede ac diam cras pellentesque","2020-04-12 05:56:34"
347,320,565,"neque libero convallis","2020-07-23 14:45:11"
348,248,75,"donec odio justo sollicitudin ut suscipit","2020-06-05 00:05:36"
349,626,903,"sem mauris laoreet ut rhoncus aliquet","2020-06-20 06:10:25"
350,699,747,"orci vehicula condimentum","2020-08-15 09:16:34"
351,210,621,"natoque penatibus et magnis","2020-02-11 07:09:15"
352,703,381,"est congue elementum in","2020-02-19 02:05:04"
353,433,844,"nonummy maecenas tincidunt lacus at velit","2020-09-22 16:12:51"
354,690,719,"sapien arcu sed augue aliquam","2020-06-29 13:27:54"
355,325,462,"enim in tempor turpis nec euismod scelerisque","2020-12-07 12:07:26"
356,820,702,"semper est quam pharetra magna ac consequat","2021-04-05 12:41:35"
357,174,209,"orci pede venenatis non sodales","2020-06-04 11:01:59"
358,214,385,"ante vestibulum ante ipsum primis in faucibus","2020-09-10 03:29:41"
359,590,946,"dictumst etiam faucibus cursus urna","2020-03-21 18:21:15"
360,24,288,"venenatis non sodales sed tincidunt eu felis","2020-02-12 21:48:20"
361,74,430,"libero non mattis","2020-05-19 23:39:02"
362,769,220,"congue diam id ornare imperdiet sapien urna","2020-08-31 02:47:50"
363,263,81,"ultrices libero non","2021-02-28 05:11:12"
364,100,563,"nulla suscipit ligula","2020-09-08 10:21:26"
365,82,371,"vel accumsan tellus nisi eu orci mauris","2020-08-19 00:45:53"
366,943,49,"pulvinar sed nisl nunc","2021-09-01 11:47:11"
367,168,912,"ut suscipit a feugiat et eros","2021-09-12 21:12:29"
368,834,681,"in libero ut","2020-04-04 23:22:20"
369,284,622,"donec quis orci eget orci vehicula","2020-05-28 13:07:52"
370,833,976,"curabitur in libero ut massa","2021-03-08 04:01:13"
371,831,158,"vestibulum quam sapien varius ut blandit non","2021-08-21 19:41:30"
372,747,930,"nibh quisque id justo sit amet","2020-06-09 13:41:26"
373,524,792,"accumsan felis ut at dolor","2021-08-24 00:25:05"
374,400,245,"amet lobortis sapien sapien non","2021-08-03 18:46:32"
375,862,147,"pharetra magna ac consequat","2021-02-24 09:34:37"
376,857,614,"quis odio consequat varius integer ac leo","2020-05-22 12:26:16"
377,681,948,"morbi odio odio elementum eu interdum","2020-09-17 03:03:35"
378,917,806,"vestibulum sit amet cursus id turpis","2020-01-26 23:55:38"
379,89,374,"ligula vehicula consequat","2021-02-19 07:29:54"
380,615,817,"consectetuer adipiscing elit proin interdum","2020-04-01 00:22:12"
381,911,31,"imperdiet et commodo vulputate justo","2021-03-29 01:42:52"
382,635,483,"venenatis tristique fusce congue diam","2021-01-27 07:23:36"
383,625,376,"nec molestie sed justo pellentesque viverra","2020-12-22 10:59:26"
384,265,298,"molestie lorem quisque","2020-11-25 17:28:22"
385,745,776,"integer aliquet massa id","2020-06-03 21:30:20"
386,760,512,"ultrices mattis odio donec vitae nisi","2020-11-28 01:33:52"
387,419,809,"vitae nisl aenean","2020-02-13 21:31:47"
388,955,834,"in tempor turpis","2020-11-04 12:33:41"
389,951,894,"viverra pede ac diam","2021-07-29 21:02:19"
390,367,724,"volutpat erat quisque erat eros","2021-06-30 09:24:43"
391,609,677,"id sapien in sapien iaculis congue vivamus","2020-10-17 17:41:48"
392,75,188,"eget vulputate ut ultrices vel augue","2020-01-23 05:39:18"
393,867,28,"ipsum primis in faucibus orci luctus","2020-05-09 15:29:15"
394,37,609,"massa id lobortis convallis tortor risus dapibus","2021-08-22 04:08:23"
395,395,497,"parturient montes nascetur ridiculus mus","2021-06-18 05:33:38"
396,865,90,"ultrices posuere cubilia curae mauris viverra","2020-08-05 06:03:02"
397,126,904,"quis orci nullam molestie nibh in lectus","2021-07-15 06:03:59"
398,268,873,"sollicitudin mi sit amet","2021-06-22 17:02:32"
399,134,105,"aliquet ultrices erat","2020-06-24 04:13:05"
400,646,710,"est risus auctor sed","2020-09-05 20:34:27"
401,395,4,"eget massa tempor convallis","2021-08-14 16:33:21"
402,532,885,"semper porta volutpat quam pede lobortis ligula","2020-05-11 05:26:38"
403,524,809,"non lectus aliquam sit amet diam in","2020-01-25 22:01:13"
404,535,973,"scelerisque mauris sit amet","2020-07-15 22:01:24"
405,956,97,"sociis natoque penatibus","2020-09-21 09:01:47"
406,551,192,"dolor quis odio consequat varius integer","2020-06-18 09:21:54"
407,727,803,"suscipit ligula in lacus curabitur","2021-03-28 06:50:39"
408,730,396,"sit amet nunc viverra dapibus","2020-07-13 20:37:43"
409,601,571,"faucibus orci luctus et ultrices posuere cubilia","2020-09-20 16:48:28"
410,998,841,"ac nulla sed","2020-11-09 18:07:24"
411,137,437,"diam in magna bibendum","2020-03-05 09:49:56"
412,284,22,"luctus et ultrices posuere","2020-02-13 10:29:22"
413,826,720,"nullam varius nulla facilisi","2021-02-19 00:09:28"
414,531,708,"ullamcorper augue a suscipit nulla elit","2021-03-07 13:39:42"
415,998,148,"magnis dis parturient montes nascetur ridiculus mus","2021-06-30 22:49:19"
416,240,140,"donec semper sapien","2020-11-18 07:51:57"
417,555,253,"sed vel enim sit amet","2020-02-01 03:18:56"
418,174,666,"massa volutpat convallis","2021-05-13 12:14:54"
419,410,49,"orci mauris lacinia sapien quis libero","2021-07-19 23:24:36"
420,279,739,"praesent lectus vestibulum","2020-01-14 10:37:21"
421,725,150,"nullam porttitor lacus at turpis donec","2021-08-12 11:19:52"
422,422,509,"sapien quis libero","2020-02-28 23:43:54"
423,763,618,"sapien arcu sed augue","2020-01-31 00:13:57"
424,813,500,"nisi vulputate nonummy","2021-08-24 11:35:59"
425,661,913,"et magnis dis parturient montes nascetur","2020-04-27 23:13:57"
426,235,375,"odio cras mi pede malesuada in","2021-02-23 01:35:21"
427,64,993,"sed augue aliquam erat volutpat in","2020-06-29 12:31:43"
428,225,504,"amet eleifend pede libero quis orci nullam","2020-10-07 19:01:57"
429,289,661,"libero non mattis pulvinar nulla pede ullamcorper","2020-05-23 16:49:40"
430,878,752,"nam nulla integer pede justo lacinia","2020-02-28 17:50:11"
431,433,378,"et ultrices posuere cubilia curae","2020-06-10 00:47:21"
432,58,47,"turpis elementum ligula vehicula","2021-08-29 10:25:47"
433,965,122,"rhoncus dui vel sem sed sagittis nam","2020-08-11 08:10:03"
434,141,124,"elit proin interdum","2020-06-28 21:29:28"
435,481,869,"magnis dis parturient montes nascetur ridiculus","2021-07-24 21:45:37"
436,850,235,"primis in faucibus orci luctus et ultrices","2021-03-12 12:30:17"
437,783,629,"porttitor id consequat in consequat","2021-07-04 09:34:26"
438,434,470,"ultrices vel augue vestibulum","2020-09-12 14:40:59"
439,431,650,"consectetuer adipiscing elit","2021-07-26 19:07:27"
440,315,570,"id mauris vulputate elementum nullam","2021-08-15 20:12:36"
441,319,796,"nec sem duis aliquam convallis","2021-03-27 07:47:30"
442,108,701,"a ipsum integer a nibh in quis","2020-07-10 18:36:09"
443,993,168,"quis turpis sed ante vivamus tortor","2021-03-20 12:59:57"
444,683,399,"in faucibus orci luctus et","2020-11-11 17:55:27"
445,340,322,"lobortis ligula sit amet eleifend pede libero","2021-03-17 23:40:20"
446,46,402,"quis turpis eget elit sodales scelerisque mauris","2020-05-27 04:29:41"
447,2,533,"id lobortis convallis tortor risus","2021-06-17 15:19:15"
448,541,921,"justo aliquam quis","2020-04-16 19:23:38"
449,820,428,"potenti nullam porttitor lacus at","2021-09-03 19:16:45"
450,934,565,"fermentum justo nec condimentum","2020-07-19 00:53:10"
451,877,916,"odio donec vitae nisi nam ultrices libero","2021-05-25 15:06:15"
452,700,903,"est congue elementum in hac","2021-01-19 01:17:47"
453,737,239,"in lectus pellentesque at nulla suspendisse","2021-03-22 22:54:27"
454,746,917,"sapien a libero nam dui proin leo","2021-08-04 22:36:39"
455,52,972,"odio justo sollicitudin ut suscipit","2020-05-27 17:14:01"
456,130,749,"gravida nisi at nibh in","2021-05-06 16:17:36"
457,829,73,"leo odio porttitor id consequat","2020-11-28 17:16:04"
458,957,94,"sit amet nulla quisque arcu","2020-10-10 08:39:15"
459,935,177,"vehicula condimentum curabitur in libero","2021-08-26 23:29:10"
460,830,904,"ut blandit non interdum in","2021-06-02 08:40:34"
461,144,346,"ipsum primis in faucibus orci luctus et","2020-08-27 11:00:15"
462,755,79,"id luctus nec molestie sed","2020-03-03 06:08:24"
463,640,33,"rutrum ac lobortis vel","2020-04-10 08:56:03"
464,992,147,"in quam fringilla rhoncus","2021-07-24 06:16:18"
465,664,731,"primis in faucibus orci luctus","2021-01-21 06:59:18"
466,234,394,"venenatis tristique fusce congue diam","2020-01-14 16:35:04"
467,453,471,"eu magna vulputate luctus cum sociis natoque","2020-06-01 10:05:40"
468,180,130,"ut blandit non interdum in ante","2020-11-04 06:07:15"
469,696,999,"erat nulla tempus vivamus in felis eu","2020-09-01 13:43:49"
470,27,725,"nulla suspendisse potenti cras in purus eu","2020-11-01 11:41:15"
471,457,473,"elit sodales scelerisque mauris","2021-01-25 19:02:03"
472,942,763,"pede justo lacinia eget tincidunt","2020-02-02 08:02:53"
473,289,180,"scelerisque quam turpis","2020-06-16 07:27:42"
474,954,862,"ac enim in tempor","2021-06-15 01:03:08"
475,118,72,"bibendum imperdiet nullam orci pede","2021-06-12 22:39:23"
476,585,380,"parturient montes nascetur ridiculus mus","2020-06-07 05:52:11"
477,451,23,"morbi vestibulum velit","2021-03-16 19:47:20"
478,832,976,"potenti in eleifend quam","2020-12-28 00:34:36"
479,169,488,"morbi ut odio cras","2020-08-09 07:12:05"
480,912,959,"magnis dis parturient montes nascetur ridiculus","2020-09-08 05:02:54"
481,785,321,"non sodales sed tincidunt","2020-03-01 01:51:20"
482,523,330,"parturient montes nascetur ridiculus mus","2021-04-25 18:39:23"
483,511,439,"neque vestibulum eget vulputate ut","2020-10-23 17:13:07"
484,946,397,"ut tellus nulla ut erat","2020-10-10 04:02:42"
485,659,800,"non mattis pulvinar nulla pede ullamcorper","2021-01-11 16:56:11"
486,324,677,"ligula suspendisse ornare","2021-04-18 04:21:44"
487,917,824,"amet sem fusce","2021-08-01 07:21:33"
488,70,449,"orci luctus et ultrices posuere cubilia curae","2021-08-09 03:21:04"
489,357,137,"sapien non mi","2020-06-06 11:09:54"
490,460,536,"tincidunt lacus at velit vivamus vel","2021-02-10 11:00:09"
491,755,363,"eget orci vehicula condimentum curabitur","2020-10-17 01:21:52"
492,413,696,"quis turpis eget elit sodales scelerisque mauris","2020-01-06 04:53:47"
493,945,595,"nam congue risus semper porta volutpat quam","2020-12-11 00:18:01"
494,893,656,"nam ultrices libero non mattis pulvinar","2020-09-04 21:03:01"
495,863,617,"mi nulla ac enim in","2020-10-04 14:11:16"
496,198,482,"pretium iaculis diam erat fermentum justo nec","2020-06-02 14:59:31"
497,449,724,"mus vivamus vestibulum sagittis sapien cum sociis","2020-03-14 18:40:18"
498,796,539,"luctus et ultrices posuere cubilia curae mauris","2021-05-27 17:24:55"
499,788,840,"nulla ultrices aliquet maecenas","2020-10-28 06:36:27"
500,436,689,"lorem id ligula suspendisse ornare consequat lectus","2020-05-01 23:34:43"
501,892,432,"tempus semper est quam","2021-08-19 02:43:03"
502,954,265,"tortor id nulla","2021-08-03 03:28:37"
503,453,495,"sit amet nunc viverra dapibus nulla suscipit","2020-09-11 13:01:46"
504,964,215,"cursus urna ut tellus","2021-01-12 21:56:58"
505,479,292,"in quis justo maecenas rhoncus aliquam lacus","2020-10-31 20:34:57"
506,605,848,"sit amet erat nulla","2021-01-16 04:36:03"
507,425,861,"semper est quam pharetra magna","2020-06-23 06:00:11"
508,351,463,"nam congue risus semper","2020-07-11 13:44:29"
509,806,970,"turpis adipiscing lorem","2021-07-26 20:25:22"
510,19,61,"eget congue eget semper rutrum nulla nunc","2020-03-05 14:19:34"
511,228,244,"tempus vel pede morbi porttitor","2021-09-12 03:24:59"
512,293,953,"tellus semper interdum","2021-05-27 15:45:59"
513,7,569,"ac tellus semper interdum mauris ullamcorper purus","2021-08-10 20:10:43"
514,510,581,"morbi odio odio elementum","2020-06-30 18:52:19"
515,793,281,"est risus auctor sed tristique in tempus","2020-02-24 19:25:07"
516,955,806,"consectetuer adipiscing elit proin risus praesent lectus","2021-06-14 06:08:01"
517,195,466,"at vulputate vitae nisl aenean lectus","2020-08-09 17:48:51"
518,609,677,"pellentesque ultrices phasellus","2020-06-23 01:43:46"
519,643,318,"est et tempus semper est quam pharetra","2020-10-20 18:58:10"
520,719,808,"etiam pretium iaculis justo","2021-04-19 16:18:53"
521,854,951,"nisl duis bibendum felis sed interdum","2021-02-07 12:23:43"
522,42,157,"ligula suspendisse ornare consequat lectus in","2020-06-04 19:43:46"
523,572,482,"diam nam tristique tortor eu","2020-04-18 07:34:41"
524,820,909,"tellus nulla ut erat id","2020-05-24 01:15:14"
525,321,573,"nisi eu orci mauris lacinia sapien","2020-01-17 16:28:39"
526,861,455,"vel est donec","2020-06-09 20:36:32"
527,291,20,"vitae nisi nam ultrices","2020-12-16 15:55:49"
528,588,96,"vestibulum rutrum rutrum neque aenean","2021-04-13 10:23:44"
529,494,540,"in purus eu magna","2020-05-16 16:56:54"
530,209,718,"ut erat curabitur gravida nisi","2020-02-12 14:55:37"
531,122,539,"quis justo maecenas rhoncus aliquam lacus","2021-06-25 04:09:48"
532,597,111,"pellentesque viverra pede ac diam","2021-08-19 20:24:27"
533,477,10,"dapibus augue vel","2021-07-01 21:27:18"
534,674,892,"nullam orci pede venenatis non","2020-02-09 15:19:11"
535,940,29,"nisl duis bibendum felis sed interdum venenatis","2020-04-10 08:11:07"
536,425,249,"quam fringilla rhoncus mauris enim leo","2020-08-31 18:49:40"
537,304,718,"lacus morbi quis tortor id nulla ultrices","2021-05-21 08:32:44"
538,216,614,"a ipsum integer a nibh","2020-07-10 18:00:43"
539,289,991,"eleifend donec ut dolor morbi","2020-03-25 09:36:46"
540,677,587,"vel nulla eget eros","2020-02-05 00:02:26"
541,311,988,"tortor quis turpis","2020-11-25 01:34:20"
542,189,829,"sollicitudin vitae consectetuer eget","2020-02-20 07:38:55"
543,369,550,"elit ac nulla","2021-08-11 11:21:08"
544,712,887,"erat quisque erat eros viverra eget congue","2020-11-28 19:58:54"
545,742,390,"id nulla ultrices aliquet maecenas","2021-01-09 06:13:19"
546,810,553,"nulla tellus in sagittis dui vel","2020-09-24 02:05:22"
547,88,908,"nulla suscipit ligula in lacus curabitur at","2021-04-11 02:50:25"
548,732,708,"vivamus tortor duis mattis egestas","2020-11-23 00:32:20"
549,128,658,"sed nisl nunc","2020-03-15 21:49:58"
550,634,595,"vestibulum sed magna at nunc commodo","2020-12-18 07:51:49"
551,858,511,"dictumst maecenas ut","2020-09-02 18:48:38"
552,638,700,"suscipit a feugiat et eros vestibulum ac","2020-09-21 14:55:33"
553,901,837,"quam a odio in","2020-04-26 01:23:19"
554,478,289,"ut volutpat sapien arcu sed","2021-04-02 01:44:48"
555,712,912,"sem praesent id","2020-11-06 07:14:37"
556,712,950,"vel dapibus at diam nam tristique tortor","2021-09-05 22:26:43"
557,9,882,"posuere cubilia curae","2021-07-02 02:47:00"
558,700,59,"dapibus at diam nam tristique tortor eu","2020-12-31 11:55:14"
559,292,499,"quis orci nullam molestie nibh in","2020-08-16 18:11:54"
560,950,222,"ligula in lacus curabitur at ipsum ac","2021-08-04 02:14:28"
561,662,467,"aliquam convallis nunc proin","2020-04-28 23:57:18"
562,77,872,"vivamus metus arcu","2020-06-05 07:02:52"
563,848,907,"ultrices libero non mattis pulvinar nulla","2021-08-08 22:03:51"
564,905,333,"neque duis bibendum morbi non quam nec","2021-07-16 00:43:53"
565,691,975,"interdum mauris non","2021-02-10 22:19:15"
566,351,702,"ut rhoncus aliquet pulvinar","2020-04-05 03:55:52"
567,464,99,"erat fermentum justo nec condimentum","2020-10-07 23:00:32"
568,968,803,"in faucibus orci luctus et ultrices posuere","2021-08-11 11:38:37"
569,549,720,"ultrices posuere cubilia curae nulla dapibus dolor","2021-02-01 12:00:47"
570,430,486,"in tempus sit amet sem fusce consequat","2020-09-16 03:42:05"
571,258,475,"vitae consectetuer eget rutrum","2020-02-05 10:56:18"
572,112,77,"sed augue aliquam","2020-03-11 01:28:41"
573,405,904,"penatibus et magnis dis parturient montes","2021-06-07 20:16:11"
574,468,614,"lacus at turpis donec posuere metus","2020-06-07 07:44:32"
575,642,860,"placerat praesent blandit nam nulla integer pede","2020-03-04 12:46:40"
576,23,242,"accumsan odio curabitur convallis duis consequat","2020-12-10 20:53:37"
577,234,98,"luctus et ultrices posuere cubilia curae nulla","2021-03-05 22:47:21"
578,49,948,"et magnis dis parturient montes","2021-07-26 02:55:10"
579,460,135,"amet nulla quisque arcu libero rutrum ac","2020-10-07 06:38:29"
580,780,309,"mi sit amet lobortis sapien","2020-11-04 11:57:51"
581,983,394,"quis tortor id nulla ultrices aliquet","2021-01-25 07:25:05"
582,631,645,"blandit lacinia erat vestibulum sed","2020-07-22 21:33:00"
583,772,136,"integer pede justo lacinia eget tincidunt","2020-04-02 12:39:28"
584,555,305,"eget elit sodales","2020-09-01 21:00:57"
585,977,390,"rhoncus aliquam lacus morbi quis","2021-01-06 12:30:11"
586,93,693,"quis tortor id nulla ultrices","2020-08-14 06:21:54"
587,893,598,"tempor convallis nulla","2020-04-28 01:12:59"
588,848,550,"dictumst aliquam augue quam sollicitudin","2021-07-09 03:30:04"
589,315,453,"est lacinia nisi venenatis tristique fusce","2021-08-10 12:34:05"
590,296,477,"nunc rhoncus dui vel sem sed","2020-10-02 10:19:57"
591,833,699,"erat nulla tempus vivamus in felis","2021-07-16 08:48:22"
592,584,860,"interdum in ante vestibulum ante ipsum","2020-01-10 00:10:04"
593,757,118,"sapien dignissim vestibulum vestibulum ante ipsum","2020-02-02 14:29:01"
594,15,210,"sapien in sapien","2020-04-23 06:30:29"
595,125,38,"nunc purus phasellus in felis","2020-10-18 08:17:20"
596,283,634,"praesent lectus vestibulum","2021-02-19 21:37:43"
597,82,425,"pede justo lacinia","2020-03-19 17:39:17"
598,1000,757,"porttitor id consequat","2020-11-19 06:34:41"
599,355,120,"imperdiet sapien urna pretium nisl","2020-06-06 19:30:17"
600,281,450,"lacus morbi sem","2021-04-23 07:12:02"
601,471,847,"quis odio consequat varius integer","2021-03-04 00:19:11"
602,487,339,"augue a suscipit nulla","2020-06-09 17:30:45"
603,173,542,"faucibus orci luctus et ultrices posuere cubilia","2020-09-14 15:19:28"
604,479,226,"quis orci nullam molestie nibh in lectus","2020-07-11 08:05:00"
605,96,510,"libero ut massa","2021-01-15 04:08:00"
606,964,275,"quis orci nullam molestie nibh in","2021-07-13 02:00:39"
607,55,136,"adipiscing elit proin risus praesent","2020-12-10 04:24:56"
608,344,59,"adipiscing elit proin risus praesent lectus vestibulum","2020-12-10 18:03:04"
609,50,21,"commodo vulputate justo in","2020-10-30 01:13:38"
610,644,128,"ultrices erat tortor sollicitudin","2021-08-26 09:34:34"
611,972,129,"condimentum curabitur in libero ut massa","2021-05-26 20:04:11"
612,643,525,"venenatis tristique fusce congue diam id ornare","2021-01-03 19:19:49"
613,279,959,"tellus nulla ut erat id mauris vulputate","2021-07-20 11:33:43"
614,858,616,"nullam sit amet turpis","2020-10-28 20:23:40"
615,555,89,"ipsum primis in faucibus","2021-05-07 19:49:25"
616,877,180,"in hac habitasse","2020-03-01 17:15:13"
617,722,551,"vestibulum quam sapien varius ut","2021-03-09 18:07:33"
618,745,886,"amet consectetuer adipiscing elit proin risus","2020-02-17 17:17:44"
619,516,928,"risus semper porta volutpat quam pede","2020-12-29 03:46:07"
620,314,705,"est lacinia nisi venenatis tristique","2021-02-19 04:00:21"
621,563,733,"sed vestibulum sit amet cursus id","2020-08-05 11:22:56"
622,381,29,"id mauris vulputate elementum nullam varius nulla","2020-01-24 20:15:02"
623,730,500,"luctus ultricies eu nibh quisque","2020-01-18 17:22:05"
624,203,610,"lorem integer tincidunt","2020-01-12 16:35:46"
625,620,836,"congue elementum in hac habitasse platea dictumst","2020-03-28 18:50:32"
626,409,295,"vel nisl duis","2021-09-10 10:37:19"
627,629,128,"lacus at velit vivamus","2020-07-07 07:55:00"
628,13,173,"sapien arcu sed","2020-11-05 01:11:23"
629,225,94,"semper interdum mauris","2021-03-20 22:51:33"
630,748,229,"morbi a ipsum integer a","2020-07-25 16:32:18"
631,683,571,"eget massa tempor convallis nulla neque","2020-12-05 01:45:34"
632,243,300,"volutpat sapien arcu sed augue aliquam","2020-03-23 20:56:36"
633,624,655,"a feugiat et eros","2021-03-27 13:58:12"
634,606,227,"lacus curabitur at ipsum ac tellus","2021-09-12 08:17:26"
635,677,54,"sem praesent id","2020-09-13 05:25:44"
636,624,113,"dapibus duis at","2020-06-07 09:40:14"
637,359,587,"est et tempus semper est quam pharetra","2020-06-24 20:53:20"
638,238,83,"mi nulla ac enim in tempor","2021-06-10 22:21:09"
639,986,62,"in est risus auctor sed tristique in","2020-02-01 04:56:26"
640,298,515,"id lobortis convallis","2020-07-23 22:17:45"
641,177,825,"vitae consectetuer eget rutrum","2021-04-22 12:57:43"
642,391,693,"venenatis non sodales sed tincidunt","2021-03-02 15:13:21"
643,489,150,"leo pellentesque ultrices mattis","2021-08-12 15:36:52"
644,173,548,"et ultrices posuere cubilia curae","2020-10-24 00:47:20"
645,693,966,"curae donec pharetra","2020-11-15 22:52:04"
646,363,881,"morbi porttitor lorem id","2020-06-27 22:45:01"
647,888,989,"posuere cubilia curae donec","2020-06-18 08:01:32"
648,158,125,"justo morbi ut odio cras mi pede","2020-03-20 03:34:35"
649,951,688,"integer non velit donec diam neque vestibulum","2021-09-05 04:07:59"
650,24,735,"quis libero nullam sit amet turpis elementum","2020-12-15 11:25:22"
651,482,116,"ipsum ac tellus semper interdum","2020-07-26 20:33:36"
652,689,86,"pellentesque viverra pede ac diam","2020-02-16 02:04:01"
653,951,547,"ac est lacinia nisi","2021-03-05 17:19:44"
654,126,283,"at dolor quis odio consequat","2021-06-26 19:27:38"
655,342,669,"quam a odio","2020-07-11 08:50:01"
656,103,169,"luctus et ultrices posuere cubilia curae","2020-01-25 08:39:22"
657,384,552,"vel accumsan tellus nisi eu","2021-08-21 18:40:48"
658,926,624,"et ultrices posuere cubilia curae nulla dapibus","2020-04-26 18:55:27"
659,73,852,"morbi sem mauris","2020-03-05 11:29:12"
660,972,982,"quam suspendisse potenti nullam porttitor lacus at","2021-04-16 20:32:03"
661,743,101,"volutpat in congue etiam justo etiam","2020-01-20 19:17:40"
662,714,696,"vestibulum aliquet ultrices erat tortor","2021-06-11 11:21:50"
663,339,149,"ipsum aliquam non mauris morbi non","2020-10-14 19:31:50"
664,925,622,"erat curabitur gravida","2020-03-24 00:05:15"
665,244,669,"nulla suscipit ligula in lacus curabitur","2021-05-17 20:48:29"
666,44,81,"habitasse platea dictumst etiam","2021-02-01 08:44:56"
667,851,869,"vel nulla eget eros","2021-03-29 14:32:26"
668,332,930,"turpis a pede posuere nonummy","2020-12-08 06:28:29"
669,362,846,"ante vivamus tortor duis mattis egestas metus","2020-07-09 20:16:26"
670,47,398,"turpis integer aliquet massa id lobortis convallis","2021-02-10 22:19:52"
671,382,690,"tempus sit amet sem fusce consequat","2021-05-21 01:00:25"
672,111,471,"vivamus metus arcu","2020-08-31 23:04:25"
673,555,163,"tortor duis mattis egestas","2021-03-14 22:11:36"
674,487,432,"dis parturient montes nascetur ridiculus","2020-07-26 23:26:42"
675,980,762,"rhoncus mauris enim leo rhoncus sed","2021-05-01 12:44:15"
676,412,248,"sem duis aliquam convallis nunc proin at","2021-06-15 19:57:14"
677,824,51,"lectus aliquam sit","2020-01-02 10:29:43"
678,401,668,"amet consectetuer adipiscing elit proin risus praesent","2021-05-22 11:28:37"
679,254,885,"ipsum primis in","2020-02-10 02:42:51"
680,237,805,"ut massa quis","2020-04-27 18:33:54"
681,380,108,"in tempor turpis nec euismod scelerisque quam","2021-06-26 21:08:37"
682,594,245,"nam congue risus semper porta","2021-04-04 12:11:19"
683,530,617,"praesent id massa id nisl venenatis lacinia","2021-06-05 13:26:48"
684,322,107,"turpis sed ante vivamus tortor duis","2021-04-01 13:42:58"
685,234,570,"et commodo vulputate justo in blandit ultrices","2021-04-25 07:22:38"
686,761,300,"rhoncus aliquet pulvinar","2020-05-29 12:34:11"
687,889,200,"in faucibus orci luctus et ultrices posuere","2020-09-28 22:41:23"
688,937,505,"in lectus pellentesque at nulla suspendisse","2020-09-01 17:00:58"
689,712,819,"tristique tortor eu","2020-03-29 14:18:22"
690,333,585,"justo nec condimentum neque sapien placerat","2020-04-22 20:13:50"
691,859,182,"eros elementum pellentesque quisque","2020-07-10 03:47:12"
692,452,439,"nullam orci pede venenatis non sodales","2021-05-09 19:23:04"
693,595,965,"lectus in est risus","2021-06-30 07:17:13"
694,761,587,"aliquam augue quam","2021-04-13 21:23:52"
695,216,267,"cursus urna ut tellus nulla ut erat","2021-08-15 09:29:53"
696,860,876,"sagittis nam congue risus","2020-06-01 21:34:02"
697,948,445,"blandit lacinia erat vestibulum sed","2021-07-19 00:37:56"
698,471,305,"parturient montes nascetur ridiculus","2021-09-08 06:37:39"
699,289,11,"lacus at velit vivamus","2021-02-04 01:26:47"
700,481,901,"accumsan tortor quis","2021-07-07 15:44:57"
701,771,356,"orci luctus et ultrices posuere","2020-06-22 12:32:24"
702,707,216,"suspendisse potenti in","2021-08-23 12:06:46"
703,334,554,"volutpat convallis morbi odio odio elementum eu","2020-06-16 17:26:51"
704,215,388,"ligula pellentesque ultrices phasellus","2020-02-09 16:48:38"
705,422,15,"a suscipit nulla elit ac nulla","2020-05-06 02:56:58"
706,562,607,"vestibulum rutrum rutrum neque","2021-08-10 20:32:30"
707,849,474,"eros elementum pellentesque quisque porta volutpat","2021-01-23 18:40:44"
708,749,115,"non sodales sed tincidunt eu felis","2021-08-04 01:38:47"
709,177,866,"semper sapien a libero nam","2020-07-22 14:48:32"
710,836,175,"erat fermentum justo nec condimentum neque sapien","2020-11-11 10:01:37"
711,86,910,"hac habitasse platea","2021-07-17 14:02:38"
712,144,459,"justo sit amet sapien dignissim","2020-05-15 04:02:30"
713,606,642,"maecenas ut massa","2020-12-12 12:55:46"
714,156,631,"nulla sed accumsan felis ut","2020-10-21 16:46:36"
715,860,519,"donec quis orci","2020-08-19 23:48:29"
716,602,72,"lacus morbi quis tortor id","2021-07-17 00:20:54"
717,58,220,"sapien varius ut blandit non","2021-05-04 01:25:38"
718,709,276,"ut odio cras mi pede malesuada","2020-02-21 06:01:34"
719,708,359,"eget vulputate ut ultrices vel","2020-03-17 05:47:27"
720,21,904,"sapien in sapien iaculis congue vivamus metus","2020-12-31 07:58:28"
721,806,471,"mauris vulputate elementum nullam","2021-06-19 22:38:46"
722,884,497,"dolor vel est donec odio justo","2020-08-23 16:16:22"
723,849,858,"dapibus augue vel accumsan tellus nisi","2020-09-07 10:10:13"
724,707,875,"sem praesent id massa id nisl venenatis","2021-07-30 21:03:49"
725,118,807,"vel sem sed sagittis","2021-09-12 13:57:58"
726,167,176,"interdum mauris non ligula pellentesque ultrices phasellus","2020-06-11 03:02:28"
727,898,707,"nunc commodo placerat","2020-07-27 17:32:51"
728,548,259,"ac consequat metus sapien ut","2021-07-19 13:19:15"
729,877,519,"id massa id nisl venenatis lacinia","2020-10-01 10:58:15"
730,765,35,"in purus eu magna vulputate luctus","2021-04-30 03:22:35"
731,992,604,"lacus curabitur at ipsum ac tellus semper","2021-09-13 05:34:16"
732,331,288,"luctus ultricies eu nibh quisque id justo","2021-03-16 07:53:32"
733,909,145,"duis bibendum felis sed","2021-02-19 00:29:05"
734,516,525,"justo lacinia eget","2021-08-27 11:11:37"
735,648,540,"et ultrices posuere cubilia curae","2020-07-20 22:46:29"
736,760,769,"cursus vestibulum proin","2021-01-20 06:41:11"
737,264,69,"fusce congue diam id ornare imperdiet","2020-02-02 03:04:48"
738,835,802,"erat id mauris vulputate elementum nullam","2020-01-05 12:05:43"
739,355,46,"nibh in lectus pellentesque at nulla","2020-12-08 08:17:38"
740,332,781,"augue aliquam erat volutpat in congue","2021-04-29 17:25:42"
741,813,298,"in lacus curabitur at","2020-06-04 06:08:32"
742,40,75,"et ultrices posuere cubilia curae","2020-07-11 07:41:12"
743,867,54,"est lacinia nisi","2020-10-09 02:33:50"
744,692,571,"at nulla suspendisse","2021-01-12 17:56:16"
745,478,697,"tempus semper est quam pharetra","2021-03-19 00:28:17"
746,140,583,"eu est congue elementum in","2020-08-04 02:52:20"
747,102,754,"nulla ultrices aliquet maecenas leo odio","2021-01-15 18:09:32"
748,210,615,"dolor sit amet consectetuer","2021-03-12 17:25:10"
749,847,465,"cursus id turpis integer aliquet massa","2021-01-29 01:51:49"
750,239,221,"in hac habitasse platea","2021-01-25 05:56:28"
751,413,478,"gravida nisi at nibh in hac","2021-05-19 19:34:04"
752,499,930,"pede ullamcorper augue a","2021-01-17 11:44:29"
753,971,429,"non velit nec nisi vulputate nonummy","2020-02-16 14:07:38"
754,599,737,"nisl venenatis lacinia","2021-05-15 15:44:54"
755,705,492,"nunc viverra dapibus nulla suscipit","2020-10-14 08:31:13"
756,524,906,"lacinia sapien quis libero nullam","2021-07-30 22:36:41"
757,21,447,"hac habitasse platea dictumst maecenas ut","2020-06-20 12:05:26"
758,935,993,"orci luctus et ultrices","2020-12-14 17:16:05"
759,198,702,"nam ultrices libero non","2020-03-04 13:25:46"
760,945,314,"tristique fusce congue diam id ornare imperdiet","2020-03-01 19:12:33"
761,945,921,"augue quam sollicitudin vitae","2020-11-30 00:49:11"
762,769,959,"sit amet lobortis sapien","2020-07-17 06:13:03"
763,20,522,"mi nulla ac enim in tempor","2020-11-28 23:37:54"
764,651,142,"montes nascetur ridiculus mus","2021-08-07 21:57:47"
765,464,648,"turpis eget elit sodales scelerisque mauris sit","2021-09-03 12:50:06"
766,401,270,"donec dapibus duis at velit","2021-06-07 20:54:20"
767,828,58,"in porttitor pede justo eu massa donec","2020-02-07 01:39:11"
768,176,643,"maecenas pulvinar lobortis est phasellus sit amet","2020-02-20 19:48:16"
769,365,529,"et eros vestibulum ac est lacinia nisi","2020-02-28 16:53:39"
770,682,134,"platea dictumst etiam faucibus","2020-02-15 01:46:25"
771,360,162,"rhoncus dui vel sem","2020-12-04 21:49:17"
772,683,190,"elementum in hac habitasse platea dictumst morbi","2021-04-04 21:20:56"
773,164,250,"metus vitae ipsum aliquam non mauris morbi","2020-07-21 18:07:45"
774,18,212,"enim sit amet nunc viverra dapibus","2021-06-26 19:16:34"
775,290,923,"ut massa quis","2020-04-11 11:55:32"
776,732,983,"hac habitasse platea","2020-07-10 05:11:44"
777,133,156,"dolor sit amet consectetuer","2020-09-26 03:38:33"
778,768,561,"metus vitae ipsum","2020-01-11 08:34:39"
779,246,74,"integer pede justo","2021-07-23 05:32:12"
780,965,287,"id luctus nec","2021-01-02 22:21:21"
781,616,777,"quam suspendisse potenti nullam porttitor","2020-10-23 08:34:54"
782,216,952,"elementum in hac habitasse platea","2021-07-30 11:40:51"
783,238,539,"potenti nullam porttitor lacus at turpis","2020-07-01 08:35:22"
784,653,174,"libero rutrum ac lobortis vel dapibus at","2020-09-05 10:59:44"
785,522,51,"turpis enim blandit","2020-06-17 14:03:55"
786,432,110,"ultrices posuere cubilia curae nulla","2020-02-18 23:28:38"
787,29,768,"aenean sit amet","2020-07-04 16:35:25"
788,507,334,"purus phasellus in","2021-02-28 15:28:45"
789,402,870,"nulla ultrices aliquet maecenas leo odio","2020-11-19 11:49:36"
790,189,509,"vel accumsan tellus","2020-04-04 06:27:44"
791,908,509,"mattis odio donec vitae","2021-03-25 06:57:45"
792,581,503,"sem sed sagittis nam congue","2020-05-04 15:08:05"
793,358,950,"sollicitudin mi sit amet lobortis","2020-01-19 18:38:43"
794,69,288,"nec condimentum neque sapien placerat","2021-01-16 13:26:27"
795,583,242,"volutpat erat quisque erat eros viverra","2021-05-09 12:33:12"
796,346,800,"ultrices phasellus id sapien in sapien","2021-01-14 08:23:14"
797,694,129,"proin leo odio porttitor id consequat","2020-04-14 22:10:56"
798,752,293,"lorem quisque ut","2020-12-26 03:17:47"
799,519,749,"neque aenean auctor gravida sem praesent id","2021-05-16 07:43:10"
800,473,525,"hac habitasse platea dictumst maecenas ut","2020-06-11 18:47:16"
801,960,31,"mattis pulvinar nulla pede ullamcorper","2021-04-23 00:51:38"
802,727,368,"bibendum imperdiet nullam orci","2020-10-13 22:43:18"
803,97,300,"sapien in sapien iaculis congue vivamus metus","2021-08-16 18:51:50"
804,947,741,"nunc donec quis","2021-02-07 10:56:04"
805,884,245,"consectetuer eget rutrum at lorem","2020-11-28 11:57:54"
806,675,203,"lorem integer tincidunt ante vel ipsum","2020-07-23 15:40:36"
807,868,488,"a libero nam dui proin leo odio","2020-04-24 14:37:33"
808,605,973,"pretium iaculis diam erat fermentum","2020-01-22 20:37:42"
809,787,515,"praesent blandit lacinia erat vestibulum sed magna","2020-11-14 14:13:30"
810,629,933,"volutpat sapien arcu","2021-01-15 05:08:27"
811,922,284,"ultrices posuere cubilia curae","2021-04-17 12:16:46"
812,401,944,"vulputate ut ultrices","2020-02-28 02:31:25"
813,959,995,"suspendisse accumsan tortor quis turpis sed ante","2020-05-02 11:17:51"
814,940,128,"ut mauris eget massa tempor convallis","2021-07-06 01:13:31"
815,534,25,"integer pede justo lacinia","2020-02-25 00:01:22"
816,482,241,"duis ac nibh","2021-03-03 10:20:09"
817,721,978,"sit amet diam in","2020-01-16 16:23:29"
818,446,39,"molestie hendrerit at vulputate","2020-10-12 19:54:03"
819,981,878,"ultrices enim lorem ipsum","2021-05-02 19:51:05"
820,282,640,"nulla elit ac nulla sed vel","2021-04-09 04:29:17"
821,870,127,"luctus rutrum nulla tellus","2020-02-07 06:17:01"
822,271,304,"pellentesque quisque porta volutpat erat","2020-07-04 21:24:09"
823,841,82,"est quam pharetra magna ac","2020-02-05 17:23:26"
824,960,832,"ultrices aliquet maecenas leo","2020-11-10 20:46:04"
825,171,405,"vel augue vestibulum ante ipsum","2020-09-29 06:34:37"
826,130,52,"amet eleifend pede libero","2021-02-04 09:25:10"
827,105,901,"suspendisse potenti in eleifend quam a odio","2020-05-29 04:12:01"
828,149,954,"gravida nisi at","2021-07-31 12:40:58"
829,295,298,"praesent blandit nam","2021-09-09 21:56:00"
830,81,207,"nonummy integer non velit donec diam","2021-03-10 09:09:42"
831,171,710,"nulla justo aliquam","2021-06-22 18:00:05"
832,340,707,"non ligula pellentesque ultrices","2020-12-05 03:42:56"
833,62,410,"lacinia aenean sit amet","2021-08-26 16:31:30"
834,782,135,"nulla facilisi cras non velit nec nisi","2020-09-04 10:05:58"
835,18,48,"primis in faucibus orci","2020-01-04 14:08:04"
836,193,534,"dignissim vestibulum vestibulum ante ipsum","2021-07-28 06:25:57"
837,185,348,"nam congue risus semper","2020-08-03 12:35:54"
838,978,209,"luctus et ultrices posuere cubilia curae duis","2021-01-17 11:22:47"
839,59,354,"quam sollicitudin vitae consectetuer eget rutrum","2020-11-14 06:42:19"
840,374,997,"vel nulla eget eros","2021-05-10 06:25:29"
841,191,952,"vel accumsan tellus nisi","2021-03-06 02:47:47"
842,147,659,"viverra eget congue eget semper rutrum","2020-01-10 04:34:41"
843,981,574,"venenatis tristique fusce congue","2021-03-20 19:43:47"
844,860,311,"curae nulla dapibus dolor vel","2021-07-14 09:52:48"
845,321,201,"faucibus accumsan odio curabitur convallis duis consequat","2021-07-09 11:00:35"
846,768,910,"dui vel sem sed sagittis","2020-04-17 14:00:49"
847,370,187,"ridiculus mus vivamus vestibulum sagittis sapien cum","2020-11-02 12:29:27"
848,697,865,"quis tortor id nulla ultrices aliquet maecenas","2021-05-19 08:07:33"
849,612,440,"augue vestibulum rutrum rutrum neque aenean","2021-05-05 08:46:41"
850,175,548,"ut nunc vestibulum ante ipsum primis in","2020-05-28 07:57:19"
851,403,867,"et tempus semper est quam pharetra","2021-04-25 15:08:52"
852,664,322,"condimentum curabitur in","2021-05-02 00:16:10"
853,776,992,"vestibulum eget vulputate ut ultrices","2021-06-18 03:43:15"
854,891,913,"erat id mauris","2020-06-30 01:06:33"
855,277,70,"justo in hac","2020-03-06 04:05:56"
856,851,678,"vulputate vitae nisl aenean lectus","2020-01-28 00:58:24"
857,65,180,"sed interdum venenatis turpis enim blandit mi","2020-09-06 17:28:37"
858,715,113,"vivamus in felis eu sapien","2020-03-18 13:14:41"
859,968,733,"cum sociis natoque penatibus et magnis dis","2020-02-07 05:02:36"
860,561,951,"nam ultrices libero non mattis","2021-05-07 16:44:34"
861,23,821,"mus etiam vel augue","2020-10-06 02:16:51"
862,281,566,"sit amet eros","2021-04-27 03:38:34"
863,479,487,"luctus rutrum nulla tellus in sagittis dui","2021-06-11 20:44:37"
864,894,949,"pretium iaculis justo in hac habitasse","2020-01-07 16:37:59"
865,971,944,"etiam vel augue vestibulum","2020-09-23 10:44:17"
866,385,430,"volutpat sapien arcu sed","2020-11-14 20:45:04"
867,407,284,"quis lectus suspendisse potenti in eleifend quam","2020-12-19 05:53:42"
868,509,496,"erat eros viverra eget congue eget","2020-12-01 07:52:07"
869,991,405,"consequat in consequat ut nulla sed","2021-03-04 19:08:41"
870,956,362,"donec quis orci eget orci","2020-05-14 17:24:28"
871,837,450,"lectus aliquam sit amet","2021-05-31 15:41:30"
872,679,462,"orci nullam molestie nibh in lectus","2020-01-17 21:38:28"
873,299,893,"nunc donec quis","2020-03-25 05:12:04"
874,162,430,"at velit vivamus vel nulla eget","2021-07-13 17:11:57"
875,818,575,"nec nisi vulputate nonummy","2021-05-04 04:22:18"
876,213,669,"tellus nisi eu orci mauris lacinia","2020-01-02 02:30:03"
877,695,941,"libero convallis eget eleifend luctus","2020-09-24 02:44:27"
878,240,527,"porttitor lorem id ligula suspendisse ornare","2020-08-12 09:18:53"
879,80,532,"sed augue aliquam erat volutpat in congue","2021-02-13 09:30:31"
880,323,387,"ut blandit non interdum in ante vestibulum","2021-02-17 01:10:59"
881,534,540,"massa tempor convallis nulla neque libero","2020-09-13 11:46:31"
882,921,221,"lacus purus aliquet at","2020-09-10 18:27:46"
883,446,666,"rutrum neque aenean auctor gravida sem","2021-07-06 03:43:00"
884,272,190,"mauris viverra diam vitae","2021-05-20 06:00:32"
885,724,69,"vel dapibus at diam nam","2021-05-04 19:25:22"
886,351,493,"turpis donec posuere metus vitae ipsum aliquam","2021-06-28 09:38:02"
887,612,982,"cubilia curae nulla dapibus dolor vel","2021-06-20 05:49:36"
888,287,891,"primis in faucibus orci luctus et ultrices","2021-03-13 16:00:08"
889,32,115,"nam tristique tortor eu","2021-02-08 12:55:49"
890,840,244,"mauris non ligula","2020-06-16 13:05:45"
891,499,424,"lorem id ligula suspendisse ornare consequat lectus","2020-11-28 23:45:22"
892,425,270,"ipsum dolor sit","2021-07-02 21:37:07"
893,985,93,"sed tristique in tempus sit amet sem","2021-06-02 21:41:10"
894,283,327,"gravida sem praesent id","2021-04-22 18:00:58"
895,695,642,"nisl duis ac","2021-02-23 22:52:34"
896,871,171,"ipsum primis in faucibus orci luctus","2021-08-02 00:16:24"
897,714,512,"in congue etiam justo etiam pretium","2021-03-02 13:34:14"
898,438,79,"elementum in hac habitasse platea dictumst","2020-08-14 16:34:53"
899,895,641,"erat fermentum justo","2020-12-02 17:37:20"
900,210,624,"ac diam cras pellentesque volutpat dui","2021-04-19 02:33:00"
901,460,161,"suscipit a feugiat et eros vestibulum","2021-01-08 22:40:53"
902,276,580,"turpis sed ante vivamus","2020-11-10 00:37:46"
903,601,907,"vulputate justo in blandit ultrices enim lorem","2020-12-02 09:50:05"
904,515,78,"massa tempor convallis nulla neque libero","2020-09-28 12:12:27"
905,941,584,"nulla mollis molestie","2021-03-23 09:27:29"
906,939,76,"mauris eget massa tempor convallis","2021-06-20 21:10:44"
907,153,248,"ut ultrices vel augue","2021-09-04 06:38:21"
908,364,362,"eu nibh quisque","2020-12-17 13:21:44"
909,567,531,"lobortis vel dapibus at","2021-03-18 13:36:09"
910,807,451,"dapibus nulla suscipit ligula","2021-04-11 07:52:16"
911,424,782,"nisl duis bibendum felis sed interdum","2021-02-25 15:25:18"
912,278,903,"mi pede malesuada in imperdiet et commodo","2021-08-02 00:44:11"
913,128,77,"quisque ut erat curabitur","2020-02-07 18:48:34"
914,263,755,"curae nulla dapibus dolor","2021-06-08 01:07:38"
915,692,863,"duis aliquam convallis","2020-06-06 20:01:08"
916,949,49,"gravida nisi at nibh","2020-09-19 00:53:22"
917,199,121,"nulla sed vel enim sit amet nunc","2021-01-11 09:57:32"
918,800,720,"nec condimentum neque","2020-08-14 13:40:28"
919,43,784,"nisl aenean lectus pellentesque eget","2021-02-21 09:15:54"
920,690,749,"aliquet ultrices erat tortor sollicitudin","2020-12-15 06:53:27"
921,364,234,"accumsan tellus nisi eu","2020-10-23 07:43:31"
922,382,752,"sed justo pellentesque viverra pede ac","2020-02-04 21:56:26"
923,467,202,"sociis natoque penatibus","2021-09-13 04:50:00"
924,572,500,"ligula pellentesque ultrices phasellus id","2020-03-12 12:06:49"
925,700,615,"rhoncus dui vel sem sed sagittis nam","2020-04-10 15:16:59"
926,885,873,"est lacinia nisi","2020-06-13 10:38:15"
927,601,214,"erat tortor sollicitudin mi","2020-08-02 09:20:59"
928,969,900,"odio cras mi pede malesuada in","2021-06-15 00:57:09"
929,901,508,"vulputate vitae nisl aenean lectus pellentesque eget","2021-03-03 04:49:35"
930,186,390,"ante vel ipsum praesent","2021-01-14 09:07:43"
931,970,567,"velit id pretium iaculis","2020-09-13 18:58:50"
932,744,743,"et ultrices posuere cubilia curae mauris","2021-06-28 06:07:09"
933,38,28,"quis turpis sed","2021-06-05 08:15:00"
934,757,640,"nonummy maecenas tincidunt lacus at velit","2021-02-22 22:44:00"
935,12,509,"in sapien iaculis","2020-01-16 23:37:34"
936,979,662,"vestibulum sit amet cursus id turpis integer","2020-07-09 23:09:31"
937,185,76,"at nunc commodo placerat","2020-07-04 03:21:09"
938,583,904,"suscipit ligula in lacus curabitur at","2021-08-19 00:21:34"
939,152,458,"suspendisse potenti nullam","2021-04-22 12:48:27"
940,916,530,"quis lectus suspendisse potenti","2020-03-25 04:39:31"
941,676,258,"dapibus at diam","2021-08-30 08:26:37"
942,653,797,"magna bibendum imperdiet","2020-12-31 00:13:04"
943,740,864,"blandit lacinia erat","2021-02-18 23:14:08"
944,851,832,"elementum pellentesque quisque porta volutpat erat","2021-03-24 15:17:44"
945,553,593,"accumsan tortor quis turpis sed ante vivamus","2020-11-06 17:35:41"
946,387,316,"consectetuer adipiscing elit proin interdum","2020-11-12 12:33:15"
947,466,710,"est et tempus semper est","2020-10-14 19:12:30"
948,788,310,"in faucibus orci luctus et","2021-09-02 16:40:46"
949,699,620,"vitae quam suspendisse potenti nullam","2020-07-12 01:49:25"
950,183,291,"non interdum in ante","2020-05-26 10:19:20"
951,476,761,"vestibulum aliquet ultrices","2020-08-07 19:45:02"
952,17,988,"eget congue eget semper rutrum nulla","2021-07-14 08:26:49"
953,935,236,"id justo sit amet","2020-03-17 18:53:01"
954,85,818,"aenean fermentum donec ut","2021-08-13 02:03:07"
955,981,234,"dolor vel est donec odio","2020-03-07 02:11:57"
956,456,221,"justo sollicitudin ut suscipit","2020-09-19 08:26:47"
957,573,244,"risus praesent lectus vestibulum quam","2020-05-19 08:40:06"
958,949,399,"luctus et ultrices posuere","2021-01-19 06:31:56"
959,698,404,"ipsum aliquam non mauris morbi","2021-07-20 07:40:04"
960,417,835,"nulla neque libero convallis","2020-12-05 11:11:33"
961,671,109,"condimentum id luctus","2020-10-25 06:01:32"
962,867,60,"vel nulla eget eros elementum pellentesque","2020-09-19 12:15:26"
963,531,68,"condimentum neque sapien placerat ante nulla","2021-06-03 13:43:31"
964,644,617,"enim leo rhoncus sed vestibulum sit amet","2021-06-11 21:39:14"
965,105,944,"justo in blandit","2021-01-18 18:02:08"
966,687,130,"dui proin leo odio","2020-12-27 03:01:53"
967,90,256,"felis sed interdum","2021-02-09 09:25:26"
968,15,388,"semper rutrum nulla nunc purus phasellus in","2020-08-24 04:27:44"
969,655,407,"amet cursus id","2020-06-18 13:47:52"
970,399,235,"est et tempus semper","2020-01-20 18:38:41"
971,479,695,"parturient montes nascetur ridiculus mus etiam vel","2020-10-12 00:12:34"
972,24,285,"luctus et ultrices posuere cubilia","2020-07-18 18:50:14"
973,744,552,"lacinia aenean sit amet justo morbi ut","2020-05-05 10:10:54"
974,950,603,"nunc donec quis","2020-09-06 13:19:10"
975,383,837,"platea dictumst morbi vestibulum","2020-12-22 18:38:26"
976,811,142,"purus eu magna vulputate luctus cum sociis","2021-05-02 09:38:49"
977,451,21,"quis augue luctus tincidunt nulla","2020-04-19 04:38:24"
978,215,430,"viverra pede ac","2020-05-22 07:42:38"
979,386,704,"ac est lacinia nisi venenatis tristique fusce","2020-11-18 07:17:02"
980,265,247,"pede justo lacinia eget tincidunt","2020-04-16 09:03:33"
981,396,504,"maecenas tincidunt lacus","2020-10-15 15:39:11"
982,82,663,"est et tempus","2020-04-25 17:52:40"
983,544,190,"vestibulum ante ipsum","2020-09-08 14:33:16"
984,943,583,"aliquet ultrices erat tortor sollicitudin mi sit","2020-01-04 23:54:39"
985,299,653,"vestibulum ante ipsum","2020-02-03 14:33:13"
986,915,648,"pede ac diam","2021-03-16 11:10:14"
987,145,994,"lobortis convallis tortor risus dapibus","2020-04-11 00:47:26"
988,365,371,"odio odio elementum eu","2021-06-03 13:35:57"
989,664,831,"nulla quisque arcu libero rutrum","2021-04-11 15:15:43"
990,283,380,"nulla suscipit ligula in lacus curabitur","2021-04-13 19:32:52"
991,313,908,"turpis enim blandit mi","2020-02-05 03:19:04"
992,64,668,"nec molestie sed","2020-11-11 04:00:59"
993,305,475,"ut blandit non interdum","2020-10-01 21:43:22"
994,847,380,"elementum ligula vehicula","2020-10-05 17:41:54"
995,961,228,"mauris laoreet ut rhoncus","2020-09-25 04:10:03"
996,562,941,"ridiculus mus etiam","2020-06-28 11:16:53"
997,472,376,"quisque erat eros viverra eget congue eget","2021-07-01 05:30:52"
998,172,297,"praesent blandit nam nulla","2020-07-03 17:56:34"
999,717,690,"non mauris morbi non lectus aliquam sit","2020-10-19 16:31:58"
1000,549,668,"magnis dis parturient montes nascetur ridiculus","2021-02-17 09:55:17"
